408, Assignment 1, 81
408, Assignment 2, 6
408, Midterm 1, 24, 11, 18, 20 
408, Midterm 2, 17, 13, 3, 1, 8
408, Final, 1, 2, 15, 12, 13
989, Assignment 1, 30
989, Assignment 2, 7
989, Midterm 1, 3, 9, 23, 4 
989, Midterm 2, 10, 7, 6, 6, 17
989, Final, 3, 0, 20, 1, 15
591, Assignment 1, 22
591, Assignment 2, 90
591, Midterm 1, 1, 17, 18, 15 
591, Midterm 2, 4, 4, 1, 14, 12
591, Final, 2, 17, 19, 18, 2
025, Assignment 1, 91
025, Assignment 2, 1
025, Midterm 1, 24, 23, 5, 21 
025, Midterm 2, 0, 14, 14, 4, 20
025, Final, 8, 2, 13, 13, 10
151, Assignment 1, 26
151, Assignment 2, 45
151, Midterm 1, 2, 9, 4, 3 
151, Midterm 2, 7, 3, 17, 18, 13
151, Final, 8, 15, 17, 13, 12
259, Assignment 1, 37
259, Assignment 2, 80
259, Midterm 1, 0, 16, 24, 7 
259, Midterm 2, 18, 5, 15, 0, 19
259, Final, 12, 1, 5, 12, 9
456, Assignment 1, 39
456, Assignment 2, 25
456, Midterm 1, 23, 0, 9, 17 
456, Midterm 2, 2, 2, 6, 14, 10
456, Final, 14, 9, 15, 12, 1
249, Assignment 1, 13
249, Assignment 2, 79
249, Midterm 1, 1, 16, 4, 20 
249, Midterm 2, 6, 6, 18, 19, 18
249, Final, 13, 12, 6, 20, 15
168, Assignment 1, 17
168, Assignment 2, 60
168, Midterm 1, 1, 3, 14, 3 
168, Midterm 2, 0, 2, 11, 5, 10
168, Final, 16, 5, 10, 14, 1
695, Assignment 1, 23
695, Assignment 2, 83
695, Midterm 1, 25, 6, 16, 6 
695, Midterm 2, 9, 8, 0, 4, 17
695, Final, 9, 2, 0, 8, 10
005, Assignment 1, 58
005, Assignment 2, 83
005, Midterm 1, 6, 6, 21, 14 
005, Midterm 2, 5, 5, 8, 10, 12
005, Final, 5, 11, 12, 17, 6
952, Assignment 1, 44
952, Assignment 2, 68
952, Midterm 1, 7, 20, 23, 14 
952, Midterm 2, 6, 13, 12, 7, 0
952, Final, 16, 9, 11, 18, 7
504, Assignment 1, 10
504, Assignment 2, 11
504, Midterm 1, 0, 16, 8, 22 
504, Midterm 2, 18, 12, 13, 1, 2
504, Final, 19, 15, 16, 7, 6
112, Assignment 1, 55
112, Assignment 2, 21
112, Midterm 1, 17, 1, 20, 23 
112, Midterm 2, 5, 18, 11, 19, 13
112, Final, 4, 14, 2, 11, 11
724, Assignment 1, 5
724, Assignment 2, 8
724, Midterm 1, 13, 22, 7, 13 
724, Midterm 2, 7, 6, 7, 18, 1
724, Final, 4, 14, 10, 4, 14
329, Assignment 1, 41
329, Assignment 2, 52
329, Midterm 1, 3, 23, 13, 2 
329, Midterm 2, 15, 0, 12, 17, 10
329, Final, 15, 3, 18, 1, 1
983, Assignment 1, 96
983, Assignment 2, 89
983, Midterm 1, 24, 11, 15, 16 
983, Midterm 2, 9, 1, 3, 20, 19
983, Final, 11, 12, 1, 13, 5
196, Assignment 1, 21
196, Assignment 2, 61
196, Midterm 1, 13, 6, 12, 6 
196, Midterm 2, 17, 4, 16, 1, 0
196, Final, 11, 20, 16, 3, 8
493, Assignment 1, 18
493, Assignment 2, 74
493, Midterm 1, 11, 3, 3, 23 
493, Midterm 2, 13, 20, 0, 3, 1
493, Final, 15, 20, 20, 15, 20
658, Assignment 1, 36
658, Assignment 2, 36
658, Midterm 1, 14, 18, 22, 2 
658, Midterm 2, 19, 15, 5, 3, 1
658, Final, 8, 0, 3, 8, 15
265, Assignment 1, 97
265, Assignment 2, 24
265, Midterm 1, 25, 1, 24, 1 
265, Midterm 2, 5, 16, 16, 2, 15
265, Final, 12, 1, 11, 19, 18
845, Assignment 1, 42
845, Assignment 2, 18
845, Midterm 1, 12, 12, 3, 13 
845, Midterm 2, 6, 4, 8, 9, 17
845, Final, 0, 3, 20, 7, 20
838, Assignment 1, 35
838, Assignment 2, 12
838, Midterm 1, 25, 8, 8, 11 
838, Midterm 2, 14, 14, 13, 17, 7
838, Final, 13, 0, 13, 7, 19
882, Assignment 1, 100
882, Assignment 2, 7
882, Midterm 1, 11, 17, 12, 24 
882, Midterm 2, 4, 9, 6, 9, 1
882, Final, 5, 7, 16, 4, 16
793, Assignment 1, 20
793, Assignment 2, 0
793, Midterm 1, 23, 19, 24, 10 
793, Midterm 2, 8, 16, 17, 7, 10
793, Final, 1, 8, 20, 11, 2
118, Assignment 1, 44
118, Assignment 2, 13
118, Midterm 1, 8, 19, 13, 20 
118, Midterm 2, 14, 9, 7, 2, 3
118, Final, 14, 18, 7, 9, 17
485, Assignment 1, 91
485, Assignment 2, 10
485, Midterm 1, 6, 5, 9, 17 
485, Midterm 2, 20, 5, 12, 19, 1
485, Final, 6, 1, 18, 6, 3
829, Assignment 1, 35
829, Assignment 2, 5
829, Midterm 1, 6, 14, 12, 2 
829, Midterm 2, 16, 19, 2, 15, 7
829, Final, 17, 14, 16, 9, 12
198, Assignment 1, 28
198, Assignment 2, 29
198, Midterm 1, 11, 9, 8, 24 
198, Midterm 2, 15, 4, 2, 7, 6
198, Final, 5, 1, 18, 4, 7
032, Assignment 1, 62
032, Assignment 2, 25
032, Midterm 1, 19, 10, 14, 25 
032, Midterm 2, 8, 3, 14, 7, 0
032, Final, 12, 12, 0, 0, 9
